Comments,Make
"You may have to take it into the service department for them to do this.

What's the reason you are trying to change the frequency?",SsangYong
"This is on a 2018 tivoli, thanks.",SsangYong
what car model?,SsangYong
"That makes sense, they offer spring upgrade packages for Ironman 4x4 springs.
Springs, springs and shock absorbers, springs, shock absorbers and leaf springs each a bit more as they are giving you more equipment.
Ironman is a highly regarded brand and the largest package is $2k plus some alignment fees.
Is your Musso the automatic or the manual.
Just trying to get more information because the dealerships are useless.",SsangYong
G15DTF only at the moment,SsangYong
This is somehow ridiculous. A special keyhole for cars with keyless ignotion switch.,SsangYong
"Thank you for your feed back, 
Do you have an automatic gearbox ? Any idea if it's reliable automatic one ?",SsangYong
"They don't sell vehicles on North America. Mostly go to europe and Australia (russia was used to the largest importer....)

Currently living in S.korea so getting parts and getting things fixed are very easy. But it doesn't mean it got brake much.  AS me and many people experienced About the brand(Had Kyrons and 1st gen Rextons), they don't have major issues if it is not a lemon. One of Mine had ran 230,000km(euro 4 2.0 CRDI diesel, with DPF. My older friend who took it changed DPF for about 300usd and changed transmission to MB 5 tronic from older models because euro 4 model of my 4x4-2009 kyron have bad transmission that have really bad shifting) before i bought a new one. It had some design problem that is hard(risky. It can broke in to pieces and could fell into the engine) to replace glow plug but it is fixed when they updated their engine to Euro6 2.2. i heard early models that have SCR system have some related issues but it also got fixed when they updated their engine(again) to euro6d, 202hp(200bhp) engine...and If dealerships have parts, it can be fixed by almost any mechanics. Design have No nonsense (weird things like german luxury cars). And Koreans only get 2 year warranty and they are fine with that... (5 years on engine and transmission) so i guess it is not that bad of choice if you get new ones because warranty will cover most of the things and it's cheaper than other trucks. It's cheap but Not ""cheap-cheap"". Just good value since they are minor brand. Test drive one if you can. What i experienced and experiencing is this is better than a hyundai/kia at least...",SsangYong
Damn.. So empty,SsangYong
"Well, thats a shame then. In every review of Korando people said the 1.5 petrol was too weak and had poor gas mileage. Cant imagine in a bigger car being good then. I hoped for the 202 hp diesel but... And not interested in the overweight low range EV.",SsangYong
Did you figure it out?,SsangYong
"There is only Musso Sports 2018 - and Rexton 2017- in list on android.com  
  
I have Tivoli 2019 and AA doesent work.  
  
Do you have original AV system in your vehicle?",SsangYong
"At a minimum, you will have to disconnect the gearbox from the engine.  
Without equipment and skills it is not so easy.

And why is there such a big difference in price?",SsangYong
"I love it, I also drive one made in 2012, best value for money I've gotten with a car!",SsangYong
"Because the reverse light comes on when you change gear  
if it is a manual transmission then SWITCH BACK UP LAMP works. This is a common failure because it is a mechanical switch with a spring and a ball.  
SWITCH INHIBITOR works in the automatic transmission.  
Depending on the manufacturer, the AT SWITCH INHIBITOR may be a separate part or part of the unit  
There are three types of AT on these cars:  
DSI - problematic gearbox  
HPT - excellent gearbox  
AISIN - I don't have stats on them, but they are the kings of AT  
  
For DSI and HPT, the SWITCH INHIBITOR is a separate part.",SsangYong
"Seems like 33""",SsangYong
G r e e n,SsangYong
">714956

Its a DELPHI version for ""single"" aircon option  
U can use for searching   
SSANGYONG	6611304915  
SSANGYONG	6611304415  
SSANGYONG	6651305011  
DELPHI	714956  
NRF	32483G  
FRIGAIR	920.10948	  
AVA QUALITY COOLING	DWK95  
ELSTOCK	51-0720  
RHIAG	110624  
There is a lot of it on ebay",SsangYong
You need to rip off the whole plastics. It seems like not a anor problem but annoying.,SsangYong
I have no idea. Maybe record over the pedals with phone with flashlight on will help,SsangYong
"It‚Äôs mine own mother in laws and wast coming on the present day.  What‚Äôs its function? any holp appreciat'd

***



^(I am a bot and I swapp'd some of thy words with Shakespeare words.)

Commands: `!ShakespeareInsult`, `!fordo`, `!optout`",SsangYong
Heya man. Did not buy it as I don't have the time to repair it.,SsangYong
"So, might there be something wrong with the car? My partner is going to try and sort it out, but we don‚Äôt live close, won‚Äôt be able to for a few days. Wondering if we should ask her not to drive",SsangYong
I was under the impression that the actyon was just an older model Musso?,SsangYong
"A little late to the topic:

Is it good as a soft offroader and is it a good vehicle for long trips?

How has it been in terms of reliability, any issues? Is it a costly vehicle to maintain? 

Thanks!",SsangYong
"I've had one for three years and never had a mechanical issue with it. Love the car, probably one of the best I've had.",SsangYong
Do you mean 3.2 M104 gasoline engine? Ssangyong never finished their I6 diesel.,SsangYong
Nice,SsangYong
"The car needs a key with a frequency of 433mhz and this key sends out 315mhz. The original key also sends out 433mhz and of course functions with the car. The car doesn‚Äôt recognize this new key because it can‚Äôt read its frequency output. So I need an other key that sends out 433mhz. The wierd thing is if I look up the part number of this particular key it says it that it should send out 433mhz.  

There are no Ssangyong service departments near me anymore. I already called a dealer and they said they don‚Äôt know and if I really wanted they could take a look but it‚Äôs a 1.5hour drive so that‚Äôs not worth it if there‚Äôs no way to do it.",SsangYong
[deleted],SsangYong
"KDM models called rexton sports for SWB, Rexton sports Khan for LWB. KDMs get Overall ""more luxury"" features than Import model in Aus, EU. 4banger Turbodiesel Engine produce 202hp 325.5 lbf.ft and equipped with Aisin 6 speed. Borg Warner part time 4x4. eaton G80 Locker.

stock Diff gear ratio is 3.91.",SsangYong
"I found in the Musso that some cables, especially the propriety cable that comes with the phone (I have iPhone) and even some expensive after market ones just don't charge the phone and/or make the carplay/auto cut in and out.

Bought a 50cm (can't remember the brand) braided cable and haven't had an issue since. 

Just be aware that if you're using Apple CarPlay/Android Auto to play music or whatever at the same time, it acts more like a wireless charger and just trickle charges the phone. Sometimes, if you're streaming music via the app it will only just 'float the load' or put in what it is taking out so appears that it isn't actually charging the phone. 

If you want to charge your phone use 12v charger and utilise the BT audio. Only difference is you won't get the App functionality on the screen.",SsangYong
"Usually (in Russia) if a car REQUIRES any update or unscheduled maintenance, the dealer contacts the owner.  
If you don't want or can't check it yourself at the dealer, then you need someone with access to the DSM (original diagnostic and software module).  
Or some handy craftsman with a Chinese car scanner.",SsangYong
my boi kyron,SsangYong
Fuse? Ecu.,SsangYong
Just looked up the model cool trucks,SsangYong
"Pros:Made in Korea. Not bad overall. no major issue.  can be considered as reliable

Cons:1.Automatic Transmission is not so good and tend to slip(DSI Transmisson. Not Aisin)
2.rear seat headroom is weird.",SsangYong
"Honestly this car is an absolute steal in terms of value for money. Bought mine with 10k kms on it, done another 40k km in space of 8 months. I have ELX auto, probably carrying 200-300kg at all times in the back and the diesel consumption comes to about 8l on freeways and about 9,5-10l in city driving. Plenty of grunt, good seating space at the back, good speakers and audio system (navigation via Android Auto/ Apple play)

I have absolutely nothing to complain about in terms of build quality or features, but the options fitted in Australia by Ssangyong dealer are somewhat disappointing:

\- 3rd party Canopy, leaked, one lock doesn't close, loose screws inside the locking mechanism, light cable connector loose. My canopy only have back window that fully opens which makes it difficult to utilise all the space in the back.

\- 3rd party roof racks (pro rack) Although there are factory fitted mounting points, dealer decided to go with bracket type roof mounts (metal plate that fits under your door rubber). This makes the door bit hard to close - you have to somewhat slam it to close. 9 out of 10 people who were my passengers had to try couple of times.

\- Dual battery system was installed on the back of the ute tray, I would rather have it mounted to the side next to wheel arc. Because of it shorter draws were fitted leaving awful lot of nooks where staff can drop in.

\- With ELX (shorter wheel base) if you planning to add tow bar, spare wheel will have to be removed from underneath the car. Air Suspension Helper Kit for Coil Springs will save your suspension if you planning to carry larger loads.

\-With ladders on the roof rack, i still sit under 2,2m so I can use some of the underground / shopping mall car parks",SsangYong
"2.2 diesel won't fit in this car. It's too big for this boy. especially if it needed to mount in transverse rayout.(and it need DPF and SCR too for Strict Euro6d standard emission control. Too expensive and can't fit in the car) And i don't know if Aisin economy 6 speed front wheel drive transmission will be okay with 45kgf.m of tourque. And 1.5 turbo will be ok for this car. It's light and that turbo will take care of torque. And in korea, engines under 1600cc get tax discount

Oh There will be Electrified Version tho",SsangYong
What made you buy the musso over the actyon. Am looking at both as a viable new car option,SsangYong
"I recommend coil spring model because they are easy to upgrade/replace. And they perform better when you driving off -road. Leaf springs are good for people who carrying heavy loads all the time. But good stiffer coil spring can do that too(factory springs and shocks are ""meh"" by my standard)",SsangYong
How do I know what version I should be on? Like what‚Äôs the most up to date?,SsangYong
very bad car... bad brand.... no good   unreliable,SsangYong
"Hello there. Would be interested to know if you‚Äôre from US, UE? Or other parts of the world. And how hard was it to find parts and fix the issues? Thanks",SsangYong
Yeah i use scratch remover in form of soaked towel and it works great. it mostly remove minor scratches. Just remember to clean the surface before doing it and clean the surface with soft clean cloth after using scratch remover,SsangYong
I have found a green screw right below the pedals. Does anyone know what is this from?,SsangYong
The Netherlands,SsangYong
"Hows it going
 Looking at one day replacing my Hilux on day how do you rate these? Getting parts seems a worry to me.",SsangYong
Did you buy it? Pickups vans have a different ride to cars anyhow. But 4x4 are generally pretty safe as there strength is higher up than normal cars we hit their soft spots.,SsangYong
"Its hard to explain.  
What problem makes you want to do software checking?",SsangYong
canberra it is abreviaton we use,SsangYong
"The compressor had 714956 I believe, thanks for your help",SsangYong
"Thanks for the reply. 

I switched in the meantime to Carplay. Android auto is very unresponsive and laggy

Carplay runs smooth and can be mirrored with no issue",SsangYong
"Looks awesome, I just hope they put the 2.2 diesel in there. That 1.5 petrol they have is too weak for this kind of car.",SsangYong
"Yeah, I know. My mechanic actually made a part that was fried and fixed the alternator, but he himself isn't very happy with that (the wires of the part, I forgot the name of it, are a bit too wide, and even when he grinded the bit, he still isn't happy).",SsangYong
"No.

Official AA works on  
Musso/Rexton Sports (2018 -)  
Rexton G4 (2017-)

U can check on [android.com](https://www.android.com/)

In Russia there are options with unofficial upgrade software.  
But! I have the same car and they refused to upgrade my AV version.",SsangYong
1st comment,SsangYong
"It is because regulations and google's policy is changed .


Nothing is wrong. Use the touchscreen.",SsangYong
"I'm pretty sure that will cause wind up in all part- time 4x4s? I'd only be keeping it in 4x4 with limited traction. Parts for car manufacturers seem to be an issue everywhere right now, that said I haven't heard issues with people waiting too long for ssangyong parts. Australia Musso Facebook page is a good place to ask these questions.",SsangYong
">6651305011

6651305011 it's a ""main"" number for availability if u are looking for original part",SsangYong
"If it have New full battery, it's usually starter motor. It can be some Trouble on wires or the starter motor itself. 
Fuel line problem is less likely",SsangYong
"I don't think so, It  is ON??

From what I can remember (I'm not an expert) it will light up when you arm the alarm system. just that.

Good luck",SsangYong
"We won't ever get the more powerful engine tune if that's what you're asking. The reasoning is that the upgraded engine needs AdBlue, and the AdBlue tank would mean not having space for a full size spare. At least that's what SsangYong is saying",SsangYong
Thanks a lot!!!,SsangYong
no.,SsangYong
Also can you leave the thing in 4x4 or will that cause axel wind up?,SsangYong
yeah. DSI 6Speed. I'm not recommending those. The one transmission that is worse than hyundai's,SsangYong
"It's very decent tech for the price plus good space. The battery comes from BYD instead of LG. Charging speed maximum 120 or 140 kW for 73 kWh capacity. At least here in Germany they will offer 10 years or 1 Mio. Km warranty for the battery and 7 years or 150.000 km for the rest of the car. The only small minus for me personally is no matrix LED headlights available, just high beam assist (meaning completely on or off)",SsangYong
It‚Äôs my mother in laws and was coming on today. What‚Äôs its function? Any help appreciated,SsangYong
"You had a chance to take it off road yet? Was a little concerned about the ground clearance. Not looking at anything crazy, probably just up the beach, but have heard there quite low",SsangYong
Thanks,SsangYong
Hey mate this group is not very active but you might like to join the Aussie Ssangyong Musso Owners Facebook group or Ssangyong Owners Australia Group as they both have regular posts,SsangYong
"Ssangyongs are, at least their 4x4s, Last long. There are 30ish year old vehicles forced to wrecked by goverment(thanks to some damn eco-friendly politics) and mine(2009 kyron) is going well. all i had to do is regular oil changes. something major fix was one of 4 injector got a little bad(leaking exhaust gas)once so i needed to replace it. rear view camera can get old like other cars.... then nothing. Just avoid rust and they will move reliably",SsangYong
"If u talk about IMMOBILIZER there is two types of transponder for it for old Rexton gen  
U have to check by VIN what type originally match to your vehicle",SsangYong
Hi yes thanks it was a pain in the ass to work out but once you know it's easy there's three screws on top and then two metal clips underneath and then the whole headlights slides out,SsangYong
"I suspect that while the company name might be KG Mobility, the cars will end up being called KG Rexton, KG Korando etc. Kinda like Mitsubishi Motors sells cars called Mitsubishi Outlander. KG is a terrible name nevertheless. Maybe they should rename the cars by how much they weigh",SsangYong
Mine can't turn off the startup and shutdown screen but I could turn off the sound. The animation itself os not that long or annoying really.,SsangYong
"Love mine. 2021 Musso Ultimate. 

Don't do a heap of 4WD but from what I've done it's very capable. Even on 20"" wheels (they came standard on my model).

Really got it for the towing capacity for a 3 horse angle load camper float. Great on diesel \~900-950km per tank. 

I had airbag's fitted and electric brake controller also. Purely for the towing. 

Capped price servicing, 7 year unlimited km warranty. Leather interior, cooled/heated seats, heated steering wheel, Apple Carplay/Android Auto. Absolutely massive dual cab inside. Fit's 5 big boys in with comfort. 

Auto box is fucking awesome and it gets up and boogies when you want it to. Sunroof. Plus it's quiet as hell on the road. 

Looks the business too. Mine is Indian Red. 

Oh, it also came with sports racks but, they're goddamn useless. Look good though.",SsangYong
"Apart from bad wiring, it depends on the type of transmission.",SsangYong
"Hey Jones, glad to see another W.A member here. I am currently looking at buying one too. 

Why did yours require a steering alignment, maybe a bit out of wack from factory?

How is the build quality? The one I checked out at the dealer looked nice not too tacky, wasn't able to drive one ATM.",SsangYong
Hey thanks man. I‚Äôm a part of them on FB already :),SsangYong
"Thanks for the information.

I was looking at getting the ELX XLV which is the base model with extended body for $38k which is a really low price point.
This model also comes with leaf springs instead of multi-link with coil spring. Although it is unclear on the website if that is better or worse. It does increase the rear tray carry weight significantly, as well as allowing it to be manual and lower rated fuel consumption.

The engine is a 2.2L turbo diesel not sure about the overseas model.

I am planning to keep it stock and put some decent all terrain tyres on it.",SsangYong
"Let me know if that so.  
I talked to the person who sells this option and he said he doesn't have the software for the older version of AV.",SsangYong
Thank you! Fingers crossed should pick up next week ü§ûüèª,SsangYong
There is no original 3.5TD engine on SY.,SsangYong
How you liking the ranger? I've driven the 3.2 version. I liked most of it except the manual gearbox just felt vague. Cab space is good though.,SsangYong
What is the milage? Grats on the purchase,SsangYong
"Generally that kind of  LED is and indicator from the alarm system. 

Old cars use to have that",SsangYong
They're all stoopid. I don't want any noise.. just standard click like a normal car will do.,SsangYong
My partner works for Ssangyong so I thought id be able to help you but we in New Zealand so bit far out üòÖ,SsangYong
did you get used car?,SsangYong
I guess your best bet is take it to the dealer,SsangYong
Maybe it's nothing important or could even not from the vehicle i think. Just Keep the screw in somewhere to be safe.,SsangYong
saw a musso yesterday in CBR,SsangYong
No problem just interested more than anything! I like to make sure things are up to date and o don‚Äôt believe the previous owner will have done that,SsangYong
"I got model AWD 2016 and have it until now . its good car actually ... one of my beloved  
the boot is so small but back seats and space of inside of car is good .. the FWD model got bigger boot . bigger then other CO brands",SsangYong
That gas mileage I was curious about but it's quite good considering it is an SUV 2.0. I was thinking of buying one but two things are holding me back: the gas mileage (though it seems to have improved) and the fact that I knew a guy with a rexton that sold it 2 years after buying it because it always had problems like things falling off or failing.,SsangYong
It's somewhere to put the key if you have nowhere else to put it. I'd love this in my Musso. Just flick the key out and push it in. Mine usually just sits in the centre console.,SsangYong
Damn I want that colour.,SsangYong
"My model does not have these features.

It's just a build in lock for the cruise control. 140 km/h max. 

I didn;t find any way to bypass it :(",SsangYong
Part time 4x4 with rear auto locker standard,SsangYong
"I bought a Ford ranger in the end. Was going forward with the sale but the salesman had misquoted the final price, effectively double counting the value of my old car. In the end I either had to come up with ¬£4.5k extra or abandon the sale",SsangYong
Nice!,SsangYong
There is the 12V power socket stuff for the other models. 2024 tivoli has 12V socket in that position.,SsangYong
Absolutely love mine,SsangYong
I found the fuse in the drivers side fusebox. its an immobilizer issue,SsangYong
"Great,  I got a 2 inch lift on mine and bigger all terrains. I also go a bullbar which increases approach angle so I go everywhere the other fourbies go now.",SsangYong
"What, when, why? Changing to KG Mobility makes it sound like a wheelchair company... PLEASE DO NOT DO IT. I love my Musso Saracen and it will always be the DoubleDragon. A name change like this would be a disaster here in the UK where the brand is finally being taken seriously! Please see sense and NEVER use a name with ""mobility"" in it or you will be forever known as a disability product.",SsangYong
"It‚Äôs got 280mm clearance from the bottom of the bullbar plate to the ground- It‚Äôs actually very decent for stock suspension. My property has 5 inch mud walls and I tow the boat through no problem, also taken it into some gnarly sand dunes. Not done any rock crawling.",SsangYong
"Well, it's an exact replica of the Jeep CJ7, and the front fenders are the same as the CJ5 and CJ6, I believe.  
Just pay attention to the presence of a form for the turn signal.

&#x200B;

HFGL",SsangYong
The car itself and engine is good but the transmission is really bad. It's not about reliability... It shifts really bad. No wonder why DSI Sold to other company. They used to sell Transmissions to All sort of Luxury cars..,SsangYong
"The machine has been in use for just over a year and it's small.

(three people and a small dog)

just get there - ok  
any load - the car is full",SsangYong
What area are you in?,SsangYong
under drivers seat,SsangYong
If it works why try to fix it,SsangYong
Are you sure the car supports this application?,SsangYong
"Thanks. If you mean the kms, its about 145k km now, we bought it when it had around 110k. Gas mileage is a little ""high"", around 7.5liters/100km. Its a 2.0 diesel 175hp and awd.",SsangYong
Look at that sweet grill,SsangYong
"Starter motor gone bad?

What parts did tou checked?

Because those xdo270s are really hard to kill.",SsangYong
Flashing. She said she never noticed before so who knows if it‚Äôs normal.,SsangYong
yes.,SsangYong
"That looks much better, really need to do that on my 2019.",SsangYong
Isnt that the case with 98% of EVs?üòÖ haha,SsangYong
Nice. I love mine too Did aussies finally got engine and steering upgrade?,SsangYong
"No complaints after 13,000kms. Averaging 8.2 litres/100km, It‚Äôs the quietest ute I‚Äôve ever driven and tows a 2.4 tonne boat like it‚Äôs not even there. 

Only issue I‚Äôve had is needing to get the steering re-aligned.",SsangYong
"Excellent quality, it‚Äôs a good car, i have a 2019 Ssangyong Rexton (Musso) model, really happy to have it. 

It has 5 stars in KNCAP crash test!


https://www.autotecnica.org/ssangyong-rexton-5-stelle-5-nel-crash-test-kncap/",SsangYong
Sadly....many evs will catch fire when the battery got damaged by crash and burn as long as it have contact with oxygen... ü•≤,SsangYong
Korando 2017,SsangYong
"Those are the same locker that GM uses on everything that move. GM's name is G80 and Eaton's name is Mlocker. They are proven for decades. Don't worry about them. You just need to know how to use them.

And Ssangyong is definitely more reliable than Hyundai/Kia. 

They are really proud of their engine's life expectancy and the transmission is literally same with hilux and D Max. 

It have the best frame for midsize truck(that can make possible max load+max towing at the same time)

They kinda fuqed up Offroad capability for stock vehicle by messing up approach angle and wheelwells but you can go around it by modding. Those trucks are quite reliable and relatively easy to fix/repair thanks to no nonsense design.

(Some model year had problem with SCR but it got solved after they upgraded engine and stuff)

Only thing i concern is, Australia get nerfed version Musso AFAIK...did they changed the engine and stuff for Australia too?

And I recommend to test drive one and have some rear seat experience. 

Oh, and Ssangyong have superior paint quality over Hyundai/kia or even somr Japanese makers .(ssangyong's reputation of high quality paintjob was ruined by rustbox vehicles debuted on 2005. But now their paintjob have high quality...again)

To reviewers: please turn off the Stability Control. It is not Traction control or somethin unlike jeep's BLD ot's just stability control , anti rollover program.",SsangYong
I got a saangyong korando 2021,SsangYong
"Thank you!!! I never heard before of a scratch remover but sounds just like what I need I will look for one, thanks!",SsangYong
[https://www.manualslib.com/brand/ssangyong/](https://manualslib.com/brand/ssangyong/),SsangYong
"2015 Tivoli
Diesel 
Automatic gearbox
2W",SsangYong
"I agree, sadly the key element is needed for the glove-box and the emergency lock hidden on the drivers door. Still handy when you have a plethora of other keys together though.",SsangYong
"I want it. Looks good, price very nice but Im still afraid of Sangwhateverjung ...",SsangYong
"Update to that, i have since left it sit for like a few hours while i done stuff around the house and when i returned it flawlessly worked. So i guess software bugs do happen now and again.

Edit: this started around 8 pm today, posted this before i went down to check it again JIC it didnt cooperate.",SsangYong
"Android auto is ... Android user's burden.... 

Why company like google...

Takes a decade to make working Phone-AVM Connection system???",SsangYong
You got the best gearbox for it. What does it do mpg? I've got a trusty Hilux with does about 32mpg. I would definitely want an auto if I lived somewhere with traffic but I'm up in the Highlands so all good. I certainly feel it when visiting friend down in Newcastle,SsangYong
"I‚Äôm considering buying a 2017 tivoli, how do you like it?",SsangYong
"Really, seems to be a every brand world wide problem. Heard people waiting 8 weeks for parts for Isuzu dmax",SsangYong
P.s. I can program a remote in to the car myself.,SsangYong
It suits that kind of vehicle. That's pretty good for an auto though. My Hilux us the same but I never drive steady.,SsangYong
Parts are more scarce than normal situation even in S.Korea,SsangYong
Did you buy it ??,SsangYong
Oh boo :(( I read on some Korean blogs that if I take it to the service center they will update the firmware. I'm gonna give it a try this morning and see what they say,SsangYong
I had a similar one but didn't look as good as these.,SsangYong
"It is Overall OK  and Quite nice for it's price.

The Best Feature? The battery does not seems like Blow up in Crash",SsangYong
"Automatic  
Transaxle Fluid  
Diesel Engine 

D16DTF ‚âí 6.6 ‚Ñì Ssangyong genuine oil (AW-1)  
Gasoline Engine

G15DTF ‚âí 6.2 ‚Ñì  
G16DF ‚âí 6.1 ‚Ñì  
Manual Transaxle Fluid ‚âí 1.95 ‚Ñì Ssangyong genuine oil (SK ZIC SYN MTF 70W)  


Transfer Case  
(PTU) Fluid  
Diesel Engine D16DTF

M/T ‚âí 0.5 ‚Ñì Ssangyong genuine oil (SAE 80W/90, API GL-5)  
A/T ‚âí 0.25 ‚Ñì  
Gasoline Engine G15DTF  


(G16DF)  
M/T ‚âí 0.5 ‚Ñì (‚âí 0.5 ‚Ñì)  
A/T ‚âí 0.6 ‚Ñì (‚âí 0.6 ‚Ñì)  
Rear Axle Oil AWD ‚âí 0.6 ‚Ñì Ssangyong genuine oil (SAE 80W/90, API GL-5)

  
What exactly do you want to change?

What equipment is your car?

year

engine

transmission gearbox

type of drive(fwd/awd)",SsangYong
"    Try disconnecting the battery
    (remove the terminals)
    if the error remains
    Perhaps the AdBlue is old and just needs to be replaced.",SsangYong
What is the equipment of the car?  engine/transmission/ drive type,SsangYong
"I have a 2019, bought used last year. Nothing but good things to say. I have had an EGR valve fail, but it was a 4 day ordeal to get parts, installed and back on the road with improved fuel economy, all under warranty.",SsangYong
Does the connector work on other devices?,SsangYong
I might change ECU and watch how it is going. Too much engine related error codes. It maybe the ECU,SsangYong
"Oh no, I'm sick of that on the jimny, in fact it's one of the main things I want to leave behind forever",SsangYong
"I have a 2.2l automatic. I can‚Äôt afford to run a 3.2l diesel in the UK! I love it to be honest, there were a few things I am glad I got with the ranger I would not have got with the SsangYong, such as a heated front screen and cruise control.",SsangYong
"Ah, got ya üëç",SsangYong
How you finding it? Considering one,SsangYong
Hey there. Came here with the same questions? Did you buy it? How is it?,SsangYong
Much appreciated for the detailed answer! Might actually buy it now. Really liked the looks of it and what it offers on paper.,SsangYong
Ssangyong did not commercially released straight 6 diesel engine. I think 2.7 xdi engine can be put in in the musso(need to change a lot tho),SsangYong
"On average around 32mpg, so the same. Better on long journeys! I don't think I want to go back to manual gearbox now :-)",SsangYong
CBR?,SsangYong
"Bought one before christmas '23. Classic 1,6 petrol 18"" wheel. Drive good, sound very nice, look good, big trunk and eazy price (Best bang for the buck). Im sceptic in general, so I'm waiting every minute for something to go wrong...",SsangYong
What wheel size?,SsangYong
"I don‚Äôt know about the 2017 models but the new ones have some reading signs option so it might be that it reads the signs of speed limit and limits your speed according to them? 
Have you found any other answers by now? Have you had any problems with it? I intend to buy a new one.",SsangYong
"I have almost the same issue, although i have to lock mine 7 times to lock not 5. 

I did start using the drivers door locking button instead though as i wore out one of the key fobs.

Out of interest did you manage to fix the problem? what was the solution?",SsangYong
"Not that I did a lot of soft offroading, but it has a really good ground clearance, no worries hitting anything on the bottom of the car, and it has a locking differential, so a 50-50 split awd if you ever get stuck. About longer trips, I drove for 8 hours in one day not long ago and it was awesome, little back pain but expected after such a long trip. Reliability was good, in 4 years we had it, we only changed the radiator cuz of a leak. And now we need to change the brake callipers and front brakes, but thats just wear and tear parts. You also need to check when/if timing chain was replaced, it needs to be every ~120k km. And its not costly to maintain, regular yearly services dont cost any different than any other car of that class. Car is awesome and it has a lot of room and Im 195 cm tall, boot space is big as hell too. Only downside is that there isnt a lot of Ssangyongs in my country so you need to wait for parts on order little longer than other mainstream cars.",SsangYong
~1993 Korando Have almost same Frame of CJ7  as far as i know,SsangYong
Thx for answering! I've done that but nothing seems to be missed,SsangYong
"Yeah da fuq with all those mobility stuff that haunting land vehicle industry???? All those Great Corpo Heads and Shareholdes have really bad taste(as they always did) I really don't like the name ""Mobility"" neither!! And I was a ssangyong fan since I don't have my license. My father had couple of their 4x4 and their van was one of my school bus. And my first car was ssangyong. 

I even personally purchased Ssangyong letterings from ssangyong parts shop(for export mussos. some parts shops have those) for my truck since they don't got any name on the truck. Only one emblem in front shows this is a ssangyong 4x4. 

anything is better than ""Mobility"". Those rental electric Scooter companies and taxi companies using the exact same term.... something something Mobility.... What's wrong with Motors?? Even just KG Land vehicle Division will sound far better than KG Mobility. the only Saving grace is they will keep the emblems for now(KDM one that Opel sued.. because circles are so similar to their Z.... , and one with wing on it for exports.)


those pavement princess owners that have Jeep Ford, Chevy .. Even Hyundai and Kia owners(Kia have one Pseudo 4x4 and Hyundai don't have any 4x4 except 4x4 version of their commercial vehicles...koreans are infamous for don't know any s**t about cars and trucks) 
Because Ssangyong very small for legit automaker(that actually makes their own vehicle chassis and engines) and was in very bad financial situation in past 10+ years.... 

and i don't think they shoud brag about they bought a Hyundai or kia FFS...their engine and transmission... just like all hyundai's fwd transmission, exploding everywhere on earth right after warrenty ends (some of the lucky customers get their engine or transmission broken so quick so they can be covered with Warrenty...)",SsangYong
"It seems like there are some in europe via Ebay. But if it is just scratch, isn't it better to just re paint it or use scratch remover?

And if you need it brand new, dealerships or any costumer service will be better than find it online if there are official dealerships in your area.",SsangYong
Relatably small automobile manufacturer Purchased by even more smaller EV company. Rare sight to see.,SsangYong
"It depends on the type of AIR CONDITIONER and manufacturer. There are several aircon types for this vehicle.  
I can look for matches if there is a number from the compressor tag or the last 6 digits of the VIN.",SsangYong
"Dealerships are always useless ! üòÇ Never buy a Manual Musso. They are terrible. they are made by hyundai(known for not that great manual T)so terrible they stopped sell them in domestic market. Everyone who bought Manual got disappointed.  Always Get Automatic. Aisin AC60 6 speed . The most durable light truck automatic transmission! Oh and get smallest rims you can get if you want the truck to be stock as possible. 

And you need to remove front mudguard to put decent tires.... (It really seems like They were in hurry when they are making the cabin.. so many minor oversights can be seen when you modding your vehicle.they made great frame tho)",SsangYong
"what type of wheel drive?  
part time or TOD?",SsangYong
Our Korando does similar. Passenger door wont lock. Need to lock it manualy to lock doors,SsangYong
put back the stock lamp,SsangYong
"I have it too, ithink it's just a filler plug for some accessories that you don't have",SsangYong
You can check the software version in AV setup mode. If I understood you correctly.,SsangYong
Maybe in korea. In pyungtaek(Ssangyong's Office and Factory are there),SsangYong
"Automatic transaxle fluid  Change every 100000 km under severe condition

  
If vehicle is operated under severe condition: Shorten the service interval. 

- Towing a trailer or off-road driving (Inspect the leak of fluid at any time, occasionally) 

- Taxi, patrol service or delivery service (extended idling and excessive driving with low speed) 

- Frequent stop-and-go traffic, extended idling, short driving distance 

- Driving in a hilly or mountainous terrain, sandy, or dusty area 

- Driving frequently at high speed over 170 km/hour 

- Driving frequently in area where heavy traffic under the ambient temperature above 32¬∞C",SsangYong
"Only 160hp? It is more than enough output for cars that ligh

Look at thise diesel engine equipped vehicle's horsepower!

And it's not about max power you know... especially on economic car like korando1.5. 

Ssangyong usually focus on low rpm performance. And don't cranking up the max Horsepower like Hyundai/kia. 

And turbo works well too.

So it will perform really good on street . 

I bet you 'll have no problem.

And previous gen Korando was a complete mess Mostly Thanks to transmission. they chaged transmission to aisin 6 speed and gave 2.2 diesel, it became OK. 

(09 to 15 Ssangyongs have bad transmission if it is not MB transmission Thanks to Troubled financial situation of Ssangyong. that DSI 6speeds were only thing that they can afford. And i experienced rear whell drive version of that transmission. Yeah worst of that generation)",SsangYong
"CJ7‚ÄôS fit nicely 

some people use YJ's too",SsangYong
"This car has the worst automatic transmission Ssangyong has ever used.  
DSI M11 6A/T  
Dont mess with it.",SsangYong
"yeah most stock 4x4s look goofy because they are lowered for safety test and regulations. 

lift up and give some larger tires makes far better looking 4x4s",SsangYong
"Nice, I also just read that pressing the power button for 10+ seconds may reset it. But I'm not going to try that :D",SsangYong
"Nice one mate. Sorry, late to this thread. 

Gatton Auto?

I got my 2022 Musso Ultimate with luxury pack from there as I'm just up the road about 80km. Great team, nothing was or is too much hassle. 

Mine is Indian Red and after a wash it just glows. Goes like a bought one too. Great work.",SsangYong
"Your door lock relay might be faulty. 

Fyi the door lock relay is in the door lock actuator. 

I will try and get my car to the mechanic now, I gave up trying to fix it myself hahaha.
I can't seem to source for a cheap second hand part around where I live",SsangYong
That bumper looks Really nice. steel bumbers are illegal in S.Korea...,SsangYong
"Ah seems like Australia is not following mandatory Euro6d Regulations. Well the spare tire rack is small ASF( this is tradition... da fuq Ssangyong. And korean models did not came with a spare even ,before the tank got installed.... wtf Ssangyong!l)",SsangYong
Why would the transmission have anything to do with it? Surely it‚Äôs a camera bulb or wiring fault? Do you know where I can get a free electrical schematic?,SsangYong
Have you tried changing the sound to a more pleasant one?,SsangYong
"I have the same.  
I'm not sure, but maybe it's something for the wireless charging package.",SsangYong
"I would it would depend on WHICH merc alternator you‚Äôre thinking of, but you would want to make sure the specs match up so you don‚Äôt fry anything 

I‚Äôd probs get a mechanic‚Äôs opinion tbh, the electrics are pretty important",SsangYong
I don't know much about ssangyongs bit i reckon it's just a little system glitch so take it to your dealer,SsangYong
